{"cameraMode":{"drawMode":0,"name":"Shaded","section":"Shading Mode"},"sceneLighting":true,"audioPlay":false,"sceneViewState":{"showFog":true,"showMaterialUpdate":true,"showSkybox":false,"showFlares":true,"showImageEffects":true,"showParticleSystems":true},"in2DMode":false,"pivot":{"x":-0.5939769744873047,"y":9.100000381469727,"z":10.837342262268067},"rotation":{"x":-0.17418614029884339,"y":-0.6746143698692322,"z":0.1685323268175125,"w":-0.6972460746765137},"size":65.87799072265625,"orthographic":false}